model,accuracy,macro_f1,micro_f1,avg_recall,training time,testing time
decision_tree,0.8690193417033977,0.8661414130120421,0.8670232991121457,0.8654982068152851,3.081317901611328,0.0019009113311767578
random_forest,0.9260264675941321,0.9239641004894131,0.9247862933849513,0.9228275073819278,4.269891977310181,0.010518789291381836
xgboost,0.9189005768577904,0.9177037965448159,0.9189206972441054,0.9166968858699912,5.159281492233276,0.003769397735595703
adaboost,0.9155072955547704,0.9142971814815656,0.9152936891459788,0.9129446426381852,71.91793274879456,0.03371453285217285
svc,0.9433322022395336,0.9426790369227295,0.9432203250694715,0.9417128016588525,6.080221652984619,1.6411821842193604
lightbgm,0.9338310145910779,0.9333727458727409,0.9341852616586529,0.9324269066657788,4.1172661781311035,0.008631467819213867
mlp,0.9518154054970834,0.9522369986404998,0.9523468227328157,0.9521060008812475,4.816477537155151,0.011350631713867188
